
-- data generated by /usr/local/bin/datafiller version 2.0.0 (r792 on 2014-03-23) for postgresql

-- fill table product (300)
\echo # filling table product (300)
COPY product (product_id,title) FROM STDIN (ENCODING 'utf-8');
1	kia jant fk 4
2	dacia kaporta 392
3	kia balans 1.3 j
4	citroen far 392
5	kia egsoz 3.2 jk
6	ford yakıt fk 4
7	renault yakıt 12
8	renault aks 1.3 j
9	honda göstergeler 1.5 j
10	volkswagen lastik 1.3
11	twingo döşeme 1.9 j
12	dacia yağlama dl
13	mercedes lastik 4 dl
14	opel aynalar 39
15	dacia aynalar 20
16	twingo aks 1.9 j
17	dacia şaft 1.9 j
18	opel rot 1.9 j
19	renault diğer 1.3 j
20	ford aynalar 120
21	opel silecekler 392
22	opel rot 160
23	volkswagen lastik dl
24	opel yönlendirme 2.5 ctd
25	mercedes süspansiyon 1.3
26	opel debriyaj 4 dl
27	bmw filitre 1.5 j
28	opel elektrik 2.5 ctd
29	renault lastik a
30	ford fren 2.5 ctd
31	mazda aks a
32	citroen aks 12
33	citroen şanzıman 1.5 j
34	twingo aynalar 105
35	twingo debriyaj 120
36	mazda filitre 1.3
37	kia yönlendirme 3.2 jk
38	renault fren 39
39	bmw mekanik 4 dl
40	karsan döşeme 105
41	volkswagen lastik 1.3 j
42	mazda süspansiyon 2.5 ctd
43	citroen yönlendirme 1.9 j
44	bmw havalandırma 4 dl
45	renault yönlendirme 20
46	dacia kaporta 1.5 j
47	honda şanzıman 120
48	bmw lastik a
49	volkswagen yağlama 392
50	citroen mekanik 1.5 j
51	kia filitre 20
52	ford havalandırma 1.3
53	mercedes silecekler 39
54	twingo diğer 50
55	kia yakıt cax
56	mercedes kaporta 120
57	opel motor 3.2 jk
58	mercedes yönlendirme 3.2 jk
59	citroen debriyaj 1.3 j
60	kia filitre 160
61	karsan elektrik a
62	honda elektrik 120
63	opel rot 392
64	mazda silecekler cax
65	karsan şanzıman 39
66	twingo yağlama 1.7 j
67	renault kaporta 120
68	opel aynalar fk 4
69	twingo mekanik 1.9 j
70	honda göstergeler cax
71	ford motor 2.5 ctd
72	bmw aynalar 1.5 j
73	honda diğer 1.3 j
74	karsan fren 1.7 j
75	renault egsoz 160
76	opel fren dl
77	citroen diğer cax
78	volkswagen mekanik 1.7 j
79	dacia elektrik cax
80	karsan jant a
81	volkswagen aynalar 120
82	dacia balans 1.5 j
83	dacia jant 1.3
84	renault havalandırma 1.9 j
85	ford lastik 105
86	bmw aks 12
87	kia egsoz 1.7 j
88	opel şaft cax
89	ford havalandırma 1.9 j
90	citroen diğer cax
91	citroen yönlendirme a
92	ford fren 39
93	mercedes fren 1.5 j
94	citroen lastik 20
95	kia silecekler 120
96	kia jant 392
97	opel lastik 3.2 jk
98	ford şanzıman 1.7 j
99	volkswagen aynalar 1.5 j
100	mercedes balans a
101	citroen egsoz a
102	kia egsoz 160
103	honda döşeme cax
104	mazda yağlama cax
105	honda yağlama 20
106	volkswagen jant fk 4
107	honda göstergeler 160
108	mercedes silecekler 2.5 ctd
109	bmw aks 1.3 j
110	opel yağlama 1.7 j
111	bmw elektrik 20
112	bmw silecekler 120
113	opel şaft 1.7 j
114	mercedes far 105
115	karsan döşeme 160
116	karsan kaporta 50
117	twingo süspansiyon fk 4
118	renault mekanik 392
119	volkswagen lastik 392
120	twingo motor 1.5 j
121	ford kaporta 1.9 j
122	mercedes şaft 20
123	twingo aks 20
124	ford egsoz 105
125	dacia şaft 105
126	honda yağlama 1.9 j
127	dacia havalandırma 1.7 j
128	volkswagen aks 12
129	citroen rot 1.3
130	dacia şanzıman 1.3 j
131	dacia rot 1.9 j
132	citroen şaft 3.2 jk
133	dacia aks 20
134	mercedes debriyaj a
135	ford rot 39
136	karsan şanzıman 105
137	kia döşeme 4 dl
138	karsan jant 392
139	volkswagen süspansiyon 39
140	ford diğer 1.5 j
141	kia filitre dl
142	twingo şaft 4 dl
143	dacia döşeme 1.3
144	honda aks 105
145	ford jant 120
146	ford elektrik cax
147	mercedes balans 1.5 j
148	twingo elektrik fk 4
149	honda şanzıman 2.5 ctd
150	citroen göstergeler 392
151	renault şaft cax
152	volkswagen motor 120
153	kia şanzıman a
154	citroen jant a
155	bmw döşeme 20
156	honda aks 50
157	mazda egsoz 3.2 jk
158	citroen aks 20
159	ford kaporta a
160	honda havalandırma 4 dl
161	citroen fren cax
162	dacia aynalar 3.2 jk
163	mazda lastik 392
164	honda silecekler dl
165	bmw diğer 105
166	bmw mekanik 392
167	renault egsoz 1.3
168	ford egsoz 1.5 j
169	dacia aynalar 12
170	dacia yakıt 392
171	mazda debriyaj 120
172	ford filitre 1.7 j
173	volkswagen balans 1.7 j
174	kia far 1.5 j
175	renault motor 4 dl
176	twingo yönlendirme dl
177	honda aynalar 12
178	twingo elektrik 160
179	honda yakıt 1.3
180	opel balans 1.7 j
181	ford yönlendirme 160
182	karsan elektrik dl
183	kia mekanik 3.2 jk
184	dacia göstergeler fk 4
185	volkswagen aks 20
186	mazda şanzıman a
187	twingo aks 1.3
188	dacia elektrik 1.5 j
189	dacia döşeme 105
190	karsan yönlendirme 12
191	ford aynalar a
192	volkswagen silecekler 1.5 j
193	karsan göstergeler 1.5 j
194	renault rot 1.3
195	bmw süspansiyon 20
196	citroen yağlama 4 dl
197	ford havalandırma 1.5 j
198	kia göstergeler 1.3 j
199	twingo yağlama 12
200	volkswagen lastik 4 dl
201	ford elektrik 3.2 jk
202	ford motor 1.9 j
203	citroen diğer 1.3
204	mercedes yakıt 20
205	volkswagen yağlama 160
206	kia aynalar 1.5 j
207	opel aynalar 105
208	volkswagen silecekler 4 dl
209	kia balans 160
210	ford mekanik 120
211	twingo elektrik 105
212	renault far 1.3
213	citroen aynalar 4 dl
214	renault lastik 1.5 j
215	honda kaporta 4 dl
216	mercedes filitre fk 4
217	honda elektrik 50
218	ford silecekler fk 4
219	dacia motor 39
220	renault aynalar 3.2 jk
221	kia balans 12
222	renault balans 3.2 jk
223	kia silecekler 120
224	renault yakıt 105
225	mazda lastik 1.9 j
226	honda fren fk 4
227	opel lastik 12
228	twingo far 1.9 j
229	bmw balans 12
230	citroen debriyaj 105
231	mazda göstergeler 4 dl
232	volkswagen filitre 1.9 j
233	honda rot a
234	dacia jant 1.3
235	volkswagen göstergeler 12
236	dacia kaporta 50
237	opel far 160
238	mercedes jant 1.7 j
239	ford göstergeler 12
240	opel egsoz 160
241	honda yağlama 2.5 ctd
242	citroen diğer 1.5 j
243	mazda fren 105
244	mazda şanzıman 3.2 jk
245	ford fren fk 4
246	mercedes far 1.7 j
247	mazda aks 1.3
248	karsan lastik cax
249	renault jant 1.9 j
250	opel balans 1.5 j
251	dacia debriyaj 12
252	twingo göstergeler 105
253	mercedes debriyaj 105
254	twingo motor 20
255	citroen yakıt 4 dl
256	renault kaporta 12
257	ford lastik 50
258	ford filitre 1.9 j
259	renault motor 1.5 j
260	twingo yakıt 3.2 jk
261	mercedes fren 1.3 j
262	renault kaporta 2.5 ctd
263	twingo filitre 12
264	renault mekanik 1.5 j
265	renault fren 1.5 j
266	renault egsoz 3.2 jk
267	bmw debriyaj 2.5 ctd
268	opel döşeme 392
269	karsan elektrik 120
270	citroen diğer a
271	renault şaft 39
272	bmw döşeme 120
273	bmw debriyaj dl
274	twingo egsoz 3.2 jk
275	bmw şanzıman 160
276	honda yakıt 1.5 j
277	kia far 12
278	mazda mekanik 2.5 ctd
279	honda yönlendirme 1.5 j
280	kia filitre 160
281	karsan kaporta 4 dl
282	citroen şanzıman 1.7 j
283	citroen yağlama 1.9 j
284	kia balans cax
285	kia far cax
286	bmw silecekler 39
287	citroen diğer cax
288	bmw şanzıman cax
289	volkswagen havalandırma fk 4
290	dacia rot 12
291	ford şaft 120
292	bmw mekanik 1.7 j
293	dacia silecekler 160
294	mercedes yönlendirme 20
295	opel motor 39
296	mercedes aks 1.9 j
297	citroen mekanik 20
298	citroen fren 105
299	citroen egsoz cax
300	opel balans 20
\.

-- fill table purchase_order (30)
\echo # filling table purchase_order (30)
COPY purchase_order (purchase_order_id) FROM STDIN (ENCODING 'utf-8');
1
2
3
4
5
6
7
8
9
10
11
12
13
14
15
16
17
18
19
20
21
22
23
24
25
26
27
28
29
30
\.

-- fill table order_line (150)
\echo # filling table order_line (150)
COPY order_line (product_id,purchase_order_id,amount) FROM STDIN (ENCODING 'utf-8');
183	6	5
186	14	2
237	28	4
240	1	1
121	14	5
263	22	1
26	23	3
63	9	4
25	17	5
70	25	3
265	26	3
270	8	1
21	14	4
128	29	2
221	13	4
150	4	2
56	22	2
37	3	2
262	10	1
37	12	5
229	17	5
23	9	2
92	21	3
245	4	5
17	16	3
211	14	3
75	3	1
83	27	3
96	29	2
139	17	4
108	21	5
22	12	2
167	21	3
181	10	5
232	16	2
9	3	3
109	19	2
35	17	1
191	19	5
14	10	3
269	29	2
298	24	2
140	20	4
198	27	4
71	13	3
120	30	4
68	22	3
35	26	3
4	26	2
91	29	5
264	17	1
297	9	2
146	4	3
283	2	4
174	18	1
118	25	4
140	28	2
49	19	5
179	15	3
99	23	4
284	18	5
147	3	5
18	28	4
99	29	2
142	16	3
252	6	2
163	28	4
264	15	4
72	20	3
226	5	3
36	22	1
271	17	3
62	9	1
175	8	1
212	4	2
108	20	5
175	23	4
278	30	4
62	12	3
181	9	4
143	14	3
42	21	2
68	1	5
237	2	5
286	2	1
223	26	5
189	30	3
198	19	2
267	13	2
124	11	1
101	1	2
204	9	4
133	18	5
232	3	1
22	8	1
158	30	5
144	28	5
114	27	4
172	14	5
169	6	4
161	22	1
69	17	4
84	16	4
143	8	4
297	21	4
147	5	5
12	23	3
34	26	2
170	15	3
112	2	3
8	28	5
65	16	2
6	27	4
269	4	4
71	22	2
13	21	1
9	25	1
11	8	3
88	22	1
281	12	5
23	10	3
295	10	3
144	17	2
240	13	3
22	15	5
108	8	5
248	15	5
96	9	2
125	17	5
187	20	2
47	2	2
4	6	3
138	14	4
194	24	4
88	9	4
169	8	1
153	22	1
192	21	5
20	13	5
85	17	4
131	7	3
150	30	2
292	24	2
65	6	1
184	13	3
96	30	2
260	2	5
51	1	4
87	25	2
34	28	1
\.

-- restart sequences
ALTER SEQUENCE product_product_id_seq RESTART WITH 301;
ALTER SEQUENCE purchase_order_purchase_order_id_seq RESTART WITH 31;

-- analyze modified tables
ANALYZE product;
ANALYZE purchase_order;
ANALYZE order_line;
